{"cameraMode":{"drawMode":0,"name":"Shaded","section":"Shading Mode"},"sceneLighting":false,"audioPlay":false,"sceneViewState":{"showFog":true,"showMaterialUpdate":false,"showSkybox":false,"showFlares":true,"showImageEffects":true,"showParticleSystems":true},"in2DMode":false,"pivot":{"x":-0.6079999804496765,"y":0.8538087606430054,"z":2.4149999618530275},"rotation":{"x":-0.09007257968187332,"y":-0.050176896154880527,"z":0.004545728676021099,"w":-0.9946668744087219},"size":0.23969246447086335,"orthographic":false}