{"cameraMode":{"drawMode":0,"name":"Shaded","section":"Shading Mode"},"sceneLighting":false,"audioPlay":false,"sceneViewState":{"showFog":true,"showMaterialUpdate":false,"showSkybox":false,"showFlares":true,"showImageEffects":true,"showParticleSystems":true},"in2DMode":false,"pivot":{"x":-6.224419116973877,"y":4.45267391204834,"z":-13.406820297241211},"rotation":{"x":0.01457566861063242,"y":0.12475752830505371,"z":0.0018311835592612625,"w":-0.9920836687088013},"size":2.7323999404907228,"orthographic":false}