{"cameraMode":{"drawMode":0,"name":"Shaded","section":"Shading Mode"},"sceneLighting":false,"audioPlay":false,"sceneViewState":{"showFog":true,"showMaterialUpdate":false,"showSkybox":false,"showFlares":true,"showImageEffects":true,"showParticleSystems":true},"in2DMode":false,"pivot":{"x":1.5013408660888672,"y":8.76002311706543,"z":2.707400321960449},"rotation":{"x":0.12879523634910584,"y":-0.04876169189810753,"z":0.006331834942102432,"w":0.9904663562774658},"size":16.396217346191408,"orthographic":false}