{"cameraMode":{"drawMode":0,"name":"Shaded","section":"Shading Mode"},"sceneLighting":false,"audioPlay":false,"sceneViewState":{"showFog":true,"showMaterialUpdate":false,"showSkybox":false,"showFlares":true,"showImageEffects":true,"showParticleSystems":true},"in2DMode":false,"pivot":{"x":2.2904396057128908,"y":7.223079681396484,"z":2.14639949798584},"rotation":{"x":0.12879523634910584,"y":-0.04876169189810753,"z":0.006331834942102432,"w":0.9904663562774658},"size":15.849994659423829,"orthographic":false}