{"cameraMode":{"drawMode":0,"name":"Shaded","section":"Shading Mode"},"sceneLighting":false,"audioPlay":false,"sceneViewState":{"showFog":true,"showMaterialUpdate":false,"showSkybox":false,"showFlares":true,"showImageEffects":true,"showParticleSystems":true},"in2DMode":false,"pivot":{"x":-1.3249614238739014,"y":10.514652252197266,"z":2.66436767578125},"rotation":{"x":0.12879523634910584,"y":-0.04876169189810753,"z":0.006331834942102432,"w":0.9904663562774658},"size":23.001853942871095,"orthographic":false}