{"cameraMode":{"drawMode":0,"name":"Shaded","section":"Shading Mode"},"sceneLighting":true,"audioPlay":false,"sceneViewState":{"showFog":true,"showMaterialUpdate":false,"showSkybox":true,"showFlares":true,"showImageEffects":true,"showParticleSystems":true},"in2DMode":false,"pivot":{"x":-1.301318883895874,"y":-0.3834306597709656,"z":-7.909151077270508},"rotation":{"x":0.005089475307613611,"y":-0.9949291944503784,"z":0.0726679340004921,"w":0.06966628134250641},"size":5.677539348602295,"orthographic":false}