{"cameraMode":{"drawMode":0,"name":"Shaded","section":"Shading Mode"},"sceneLighting":false,"audioPlay":false,"sceneViewState":{"showFog":true,"showMaterialUpdate":false,"showSkybox":false,"showFlares":true,"showImageEffects":true,"showParticleSystems":true},"in2DMode":false,"pivot":{"x":-9.039103507995606,"y":3.6261661052703859,"z":-14.131957054138184},"rotation":{"x":-0.062906913459301,"y":-0.7022154331207275,"z":0.06252388656139374,"w":-0.7064337730407715},"size":1.8119778633117676,"orthographic":false}