{"cameraMode":{"drawMode":0,"name":"Shaded","section":"Shading Mode"},"sceneLighting":false,"audioPlay":false,"sceneViewState":{"showFog":true,"showMaterialUpdate":false,"showSkybox":false,"showFlares":true,"showImageEffects":true,"showParticleSystems":true},"in2DMode":false,"pivot":{"x":9.170262336730957,"y":-2.211458206176758,"z":12.365065574645996},"rotation":{"x":-0.12558233737945558,"y":-0.07819537073373795,"z":0.009929441846907139,"w":-0.9889556169509888},"size":9.940138816833496,"orthographic":false}