{"cameraMode":{"drawMode":0,"name":"Shaded","section":"Shading Mode"},"sceneLighting":false,"audioPlay":false,"sceneViewState":{"showFog":true,"showMaterialUpdate":false,"showSkybox":false,"showFlares":true,"showImageEffects":true,"showParticleSystems":true},"in2DMode":false,"pivot":{"x":-0.06951934099197388,"y":8.468945503234864,"z":2.24446702003479},"rotation":{"x":0.12879523634910584,"y":-0.04876169189810753,"z":0.006331834942102432,"w":0.9904663562774658},"size":12.245384216308594,"orthographic":false}