{"cameraMode":{"drawMode":0,"name":"Shaded","section":"Shading Mode"},"sceneLighting":false,"audioPlay":false,"sceneViewState":{"showFog":true,"showMaterialUpdate":false,"showSkybox":false,"showFlares":true,"showImageEffects":true,"showParticleSystems":true},"in2DMode":false,"pivot":{"x":-6.646734237670898,"y":5.252422332763672,"z":4.85651969909668},"rotation":{"x":-0.09007257968187332,"y":-0.050176896154880527,"z":0.004545728676021099,"w":-0.9946668744087219},"size":3.0035934448242189,"orthographic":false}