{"cameraMode":{"drawMode":0,"name":"Shaded","section":"Shading Mode"},"sceneLighting":false,"audioPlay":false,"sceneViewState":{"showFog":true,"showMaterialUpdate":false,"showSkybox":false,"showFlares":true,"showImageEffects":true,"showParticleSystems":true},"in2DMode":false,"pivot":{"x":-1.6412545442581177,"y":5.109354496002197,"z":1.1963200569152833},"rotation":{"x":0.12879523634910584,"y":-0.04876169189810753,"z":0.006331834942102432,"w":0.9904663562774658},"size":12.220585823059082,"orthographic":false}